create database college;
use college;
create table class(usn varchar(5),ssid int);
create table semsec(ssid int,sem int,sec char(3));
create table student(usn varchar(5),sname varchar(20),adress varchar(20),phone int,gender char(2));
create table subject(subcode int,title varchar(20),sem int,credit int);
create table marks(usn varchar(5),subcode int,ssid int,test1 int,test2 int,fmarks int);
insert into class values("BCA01",110001);
insert into class values("BCA02",110002);
insert into class values("BCA03",110003);
insert into class values("BCA04",110004);
insert into class values("BCA05",110005);
insert into class values("BCA06",110006);
insert into class values("BCA07",110007);
insert into class values("BCA08",110008);
insert into class values("BCA09",110009);
insert into class values("BCA10",110010);
insert into semsec values(110001,1,"A");
insert into semsec values(110002,1,"B");
insert into semsec values(110003,1,"A");
insert into semsec values(110004,1,"A");
insert into semsec values(110005,2,"B");
insert into semsec values(110006,2,"B");
insert into semsec values(110007,1,"A");
insert into semsec values(110008,2,"A");
insert into semsec values(110009,1,"B");
insert into semsec values(110010,2,"B");
insert into student values("BCA01","karthik","Delhi",943948441,"M");
insert into student values("BCA02","sahil","UP",943948431,"M");
insert into student values("BCA03","alam","Delhi",943958441,"M");
insert into student values("BCA04","vipul","Delhi",943948441,"M");
insert into student values("BCA05","mahiva","UP",943948423,"F");
insert into student values("BCA06","gagan","UP",943934844,"M");
insert into student values("BCA07","paesha","Delhi",933968141,"F");
insert into student values("BCA08","ayush","UP",453923841,"M");
insert into student values("BCA09","sarthak","Delhi",748945331,"M");
insert into student values("BCA10","vanshika","UP",933945649,"M");
insert into subject values(101,"C language",1,10);
insert into subject values(102,"WT",2,10);
insert into subject values(103,"maths",2,10);
insert into subject values(104,"TC",1,10);
insert into subject values(105,"DBMS",2,10);
insert into marks values("BCA01",101,110001,35,40,75);
insert into marks values("BCA02",104,110002,30,43,73);
insert into marks values("BCA03",101,110003,35,45,80);
insert into marks values("BCA04",101,110004,30,40,70);
insert into marks values("BCA05",105,110005,36,44,80);
insert into marks values("BCA06",102,110006,35,40,75);
insert into marks values("BCA07",104,110007,40,45,85);
insert into marks values("BCA08",103,110008,40,40,80);
insert into marks values("BCA09",101,110009,40,45,85);
insert into marks values("BCA10",102,110010,40,50,90);
select * from class;
select * from semsec;
select * from student;
select * from marks;
select * from subject;